INSERT INTO TB_MEMBER (MEMBER_ID, MEMBER_NAME, MEMBER_PWD, PHONE, EMAIL, BIRTHDATE, CREATE_DATE, DELETE_DATE, STATUS, TOTAL_POINTS, CURRENT_POINTS, GRADE_NAME, SNS_ID, LOGIN_TYPE) VALUES ('user05', '한유진', '$2a$10$10sE..DFkXAKR0br6NBeAu1i3bNswzZq2sA34zdq9244HK1cai2b2', '01047261953', 'user05@gmail.com', TO_DATE('1992-06-28', 'YYYY-MM-DD'), TO_DATE('2024-08-21', 'YYYY-MM-DD'), NULL, 'Y', 300, 0, 'BABY', NULL, 'normal');
INSERT INTO TB_MEMBER (MEMBER_ID, MEMBER_NAME, MEMBER_PWD, PHONE, EMAIL, BIRTHDATE, CREATE_DATE, DELETE_DATE, STATUS, TOTAL_POINTS, CURRENT_POINTS, GRADE_NAME, SNS_ID, LOGIN_TYPE) VALUES ('user06', '정예은', '$2a$10$10sE..DFkXAKR0br6NBeAu1i3bNswzZq2sA34zdq9244HK1cai2b2', '01063724589', 'user06@gmail.com', TO_DATE('1994-03-20', 'YYYY-MM-DD'), TO_DATE('2024-09-01', 'YYYY-MM-DD'), NULL, 'Y', 300, 0, 'BABY', NULL, 'normal');
INSERT INTO TB_MEMBER (MEMBER_ID, MEMBER_NAME, MEMBER_PWD, PHONE, EMAIL, BIRTHDATE, CREATE_DATE, DELETE_DATE, STATUS, TOTAL_POINTS, CURRENT_POINTS, GRADE_NAME, SNS_ID, LOGIN_TYPE) VALUES ('user07', '강동우', '$2a$10$10sE..DFkXAKR0br6NBeAu1i3bNswzZq2sA34zdq9244HK1cai2b2', '01024538769', 'user07@gmail.com', TO_DATE('2006-03-25', 'YYYY-MM-DD'), TO_DATE('2024-08-10', 'YYYY-MM-DD'), NULL, 'Y', 300, 0, 'BABY', NULL, 'normal');
INSERT INTO TB_MEMBER (MEMBER_ID, MEMBER_NAME, MEMBER_PWD, PHONE, EMAIL, BIRTHDATE, CREATE_DATE, DELETE_DATE, STATUS, TOTAL_POINTS, CURRENT_POINTS, GRADE_NAME, SNS_ID, LOGIN_TYPE) VALUES ('user08', '윤서하', '$2a$10$10sE..DFkXAKR0br6NBeAu1i3bNswzZq2sA34zdq9244HK1cai2b2', '01037925468', 'user08@gmail.com', TO_DATE('2004-08-15', 'YYYY-MM-DD'), TO_DATE('2024-08-17', 'YYYY-MM-DD'), NULL, 'Y', 300, 0, 'BABY', NULL, 'normal');
INSERT INTO TB_MEMBER (MEMBER_ID, MEMBER_NAME, MEMBER_PWD, PHONE, EMAIL, BIRTHDATE, CREATE_DATE, DELETE_DATE, STATUS, TOTAL_POINTS, CURRENT_POINTS, GRADE_NAME, SNS_ID, LOGIN_TYPE) VALUES ('user09', '최지안', '$2a$10$10sE..DFkXAKR0br6NBeAu1i3bNswzZq2sA34zdq9244HK1cai2b2', '01014573698', 'user09@gmail.com', TO_DATE('2007-07-24', 'YYYY-MM-DD'), TO_DATE('2024-09-16', 'YYYY-MM-DD'), NULL, 'Y', 300, 0, 'BABY', NULL, 'normal');
INSERT INTO TB_MEMBER (MEMBER_ID, MEMBER_NAME, MEMBER_PWD, PHONE, EMAIL, BIRTHDATE, CREATE_DATE, DELETE_DATE, STATUS, TOTAL_POINTS, CURRENT_POINTS, GRADE_NAME, SNS_ID, LOGIN_TYPE) VALUES ('user10', '김주원', '$2a$10$10sE..DFkXAKR0br6NBeAu1i3bNswzZq2sA34zdq9244HK1cai2b2', '01064573294', 'user10@gmail.com', TO_DATE('1997-08-17', 'YYYY-MM-DD'), TO_DATE('2024-09-03', 'YYYY-MM-DD'), NULL, 'Y', 300, 0, 'BABY', NULL, 'normal');
INSERT INTO TB_MEMBER (MEMBER_ID, MEMBER_NAME, MEMBER_PWD, PHONE, EMAIL, BIRTHDATE, CREATE_DATE, DELETE_DATE, STATUS, TOTAL_POINTS, CURRENT_POINTS, GRADE_NAME, SNS_ID, LOGIN_TYPE) VALUES ('user11', '박서현', '$2a$10$10sE..DFkXAKR0br6NBeAu1i3bNswzZq2sA34zdq9244HK1cai2b2', '01032586974', 'user11@gmail.com', TO_DATE('2004-10-14', 'YYYY-MM-DD'), TO_DATE('2024-08-28', 'YYYY-MM-DD'), NULL, 'Y', 300, 0, 'BABY', NULL, 'normal');
INSERT INTO TB_MEMBER (MEMBER_ID, MEMBER_NAME, MEMBER_PWD, PHONE, EMAIL, BIRTHDATE, CREATE_DATE, DELETE_DATE, STATUS, TOTAL_POINTS, CURRENT_POINTS, GRADE_NAME, SNS_ID, LOGIN_TYPE) VALUES ('user12', '조하은', '$2a$10$10sE..DFkXAKR0br6NBeAu1i3bNswzZq2sA34zdq9244HK1cai2b2', '01065294873', 'user12@gmail.com', TO_DATE('2006-10-16', 'YYYY-MM-DD'), TO_DATE('2024-08-13', 'YYYY-MM-DD'), NULL, 'Y', 300, 0, 'BABY', NULL, 'normal');
INSERT INTO TB_MEMBER (MEMBER_ID, MEMBER_NAME, MEMBER_PWD, PHONE, EMAIL, BIRTHDATE, CREATE_DATE, DELETE_DATE, STATUS, TOTAL_POINTS, CURRENT_POINTS, GRADE_NAME, SNS_ID, LOGIN_TYPE) VALUES ('user13', '이도윤', '$2a$10$10sE..DFkXAKR0br6NBeAu1i3bNswzZq2sA34zdq9244HK1cai2b2', '01078439652', 'user13@gmail.com', TO_DATE('1997-05-21', 'YYYY-MM-DD'), TO_DATE('2024-08-08', 'YYYY-MM-DD'), NULL, 'Y', 300, 0, 'BABY', NULL, 'normal');
INSERT INTO TB_MEMBER (MEMBER_ID, MEMBER_NAME, MEMBER_PWD, PHONE, EMAIL, BIRTHDATE, CREATE_DATE, DELETE_DATE, STATUS, TOTAL_POINTS, CURRENT_POINTS, GRADE_NAME, SNS_ID, LOGIN_TYPE) VALUES ('user14', '정하율', '$2a$10$10sE..DFkXAKR0br6NBeAu1i3bNswzZq2sA34zdq9244HK1cai2b2', '01039847652', 'user14@gmail.com', TO_DATE('2004-01-19', 'YYYY-MM-DD'), TO_DATE('2024-09-11', 'YYYY-MM-DD'), NULL, 'Y', 300, 0, 'BABY', NULL, 'normal');
INSERT INTO TB_MEMBER (MEMBER_ID, MEMBER_NAME, MEMBER_PWD, PHONE, EMAIL, BIRTHDATE, CREATE_DATE, DELETE_DATE, STATUS, TOTAL_POINTS, CURRENT_POINTS, GRADE_NAME, SNS_ID, LOGIN_TYPE) VALUES ('user15', '김서준', '$2a$10$10sE..DFkXAKR0br6NBeAu1i3bNswzZq2sA34zdq9244HK1cai2b2', '01056984372', 'user15@gmail.com', TO_DATE('2001-02-21', 'YYYY-MM-DD'), TO_DATE('2024-08-19', 'YYYY-MM-DD'), NULL, 'Y', 300, 0, 'BABY', NULL, 'normal');
INSERT INTO TB_MEMBER (MEMBER_ID, MEMBER_NAME, MEMBER_PWD, PHONE, EMAIL, BIRTHDATE, CREATE_DATE, DELETE_DATE, STATUS, TOTAL_POINTS, CURRENT_POINTS, GRADE_NAME, SNS_ID, LOGIN_TYPE) VALUES ('user16', '박하린', '$2a$10$10sE..DFkXAKR0br6NBeAu1i3bNswzZq2sA34zdq9244HK1cai2b2', '01058973624', 'user16@gmail.com', TO_DATE('2009-05-07', 'YYYY-MM-DD'), TO_DATE('2024-09-17', 'YYYY-MM-DD'), NULL, 'Y', 300, 0, 'BABY', NULL, 'normal');
INSERT INTO TB_MEMBER (MEMBER_ID, MEMBER_NAME, MEMBER_PWD, PHONE, EMAIL, BIRTHDATE, CREATE_DATE, DELETE_DATE, STATUS, TOTAL_POINTS, CURRENT_POINTS, GRADE_NAME, SNS_ID, LOGIN_TYPE) VALUES ('user17', '조예준', '$2a$10$10sE..DFkXAKR0br6NBeAu1i3bNswzZq2sA34zdq9244HK1cai2b2', '01074829653', 'user17@gmail.com', TO_DATE('2005-07-15', 'YYYY-MM-DD'), TO_DATE('2024-08-23', 'YYYY-MM-DD'), NULL, 'Y', 300, 0, 'BABY', NULL, 'normal');
INSERT INTO TB_MEMBER (MEMBER_ID, MEMBER_NAME, MEMBER_PWD, PHONE, EMAIL, BIRTHDATE, CREATE_DATE, DELETE_DATE, STATUS, TOTAL_POINTS, CURRENT_POINTS, GRADE_NAME, SNS_ID, LOGIN_TYPE) VALUES ('user18', '최지호', '$2a$10$10sE..DFkXAKR0br6NBeAu1i3bNswzZq2sA34zdq9244HK1cai2b2', '01047896325', 'user18@gmail.com', TO_DATE('1991-06-06', 'YYYY-MM-DD'), TO_DATE('2024-09-19', 'YYYY-MM-DD'), NULL, 'Y', 300, 0, 'BABY', NULL, 'normal');


BEGIN
    FOR order_no IN 1..15 LOOP
        INSERT INTO TB_ORDER (
            ORDER_NO, 
            RCVR_NAME, 
            RCVR_PHONE, 
            RCVR_ADDRESS, 
            DLVR_REQ_MESSAGE, 
            DLVR_STATUS, 
            DLVR_FEE, 
            DLVR_COMPANY, 
            DISPATCH_DATE, 
            COMPLETE_DATE, 
            ORDER_TOTAL_AMT, 
            PAYMENT_CODE, 
            PAYMENT_METHOD, 
            ORDER_DATE, 
            REFUND_DATE, 
            REFUND_REASON, 
            MEMBER_ID
        ) VALUES (
            SEQ_ORDER_NO.NEXTVAL, -- ORDER_NO 시퀀스로 생성
            '수령자' || TO_CHAR(order_no, 'FM000'), -- RCVR_NAME
            '010' || LPAD(TRUNC(DBMS_RANDOM.VALUE(10000000, 99999999)), 8, '0'), -- RCVR_PHONE
            '서울특별시 강남구 역삼동 ' || TO_CHAR(order_no, 'FM000') || '번지', -- RCVR_ADDRESS
            CASE 
                WHEN MOD(order_no, 5) = 0 THEN '배송 요청 사항 없음'
                WHEN MOD(order_no, 5) = 1 THEN '부재 시 경비실에 맡겨주세요.'
                WHEN MOD(order_no, 5) = 2 THEN '배송 전 연락 부탁드립니다.'
                ELSE NULL
            END, -- DLVR_REQ_MESSAGE
            CASE 
                WHEN MOD(order_no, 3) = 0 THEN '배송완료'
                WHEN MOD(order_no, 3) = 1 THEN '배송대기'
                ELSE '배송중'
            END, -- DLVR_STATUS
            2500, -- DLVR_FEE
            CASE 
                WHEN MOD(order_no, 3) = 0 THEN 'CJ대한통운'
                WHEN MOD(order_no, 3) = 1 THEN '한진택배'
                ELSE '로젠택배'
            END, -- DLVR_COMPANY
            CASE 
                WHEN MOD(order_no, 4) = 0 THEN SYSDATE + TRUNC(DBMS_RANDOM.VALUE(1, 5)) -- DISPATCH_DATE
                ELSE NULL
            END, 
            CASE 
                WHEN MOD(order_no, 4) = 0 THEN SYSDATE + TRUNC(DBMS_RANDOM.VALUE(6, 10)) -- COMPLETE_DATE
                ELSE NULL
            END, 
            TRUNC(DBMS_RANDOM.VALUE(30000, 150000)), -- ORDER_TOTAL_AMT
            CASE 
                WHEN MOD(order_no, 4) = 0 THEN 'PAYCODE' || TO_CHAR(order_no, 'FM000')
                ELSE NULL
            END, -- PAYMENT_CODE
            CASE 
                WHEN MOD(order_no, 2) = 0 THEN '카드결제'
                ELSE '계좌이체'
            END, -- PAYMENT_METHOD
            SYSDATE - TRUNC(DBMS_RANDOM.VALUE(0, 30)), -- ORDER_DATE
            CASE 
                WHEN MOD(order_no, 10) = 0 THEN SYSDATE + TRUNC(DBMS_RANDOM.VALUE(1, 5)) -- REFUND_DATE
                ELSE NULL
            END, 
            CASE 
                WHEN MOD(order_no, 10) = 0 THEN '상품 파손으로 인한 환불 요청'
                ELSE NULL
            END, -- REFUND_REASON
            'user' || TO_CHAR(TRUNC(DBMS_RANDOM.VALUE(4, 19)), 'FM00') -- MEMBER_ID (user04 ~ user18 랜덤)
        );
    END LOOP;
    COMMIT;
END;
/

BEGIN
    -- ORDER_NO를 기준으로 상품 주문 데이터 삽입
    FOR order_rec IN (SELECT DISTINCT ORDER_NO FROM TB_ORDER) LOOP
        -- 상품 주문 생성: 하나의 ORDER_NO당 여러 옵션을 추가
        FOR opt_no IN 70..72 LOOP
            INSERT INTO TB_PRODUCT_ORDER VALUES(
                SEQ_SERIAL_NO.NEXTVAL, -- SERIAL_NO
                1,                     -- 주문 수량
                38000,                 -- 총 금액
                order_rec.ORDER_NO,    -- ORDER_NO
                opt_no                 -- OPT_NO
            );
        END LOOP;
    END LOOP;

    COMMIT; -- 변경 사항 저장
END;
/


INSERT INTO TB_DELIVERY (
    DELI_CODE, 
    DELI_NICKNAME, 
    DELI_NAME, 
    DELI_PHONE, 
    DELI_ADDRESS, 
    DELI_DEFAULT, 
    DELI_COMMENT, 
    POSTCODE, 
    DETAIL_ADDRESS, 
    HOME_ADDRESS_YN, 
    MEMBER_ID
) VALUES (
    SEQ_DELI_CODE.NEXTVAL, 
    'user05', 
    '회원명05', 
    '01012345678', 
    '서울특별시 강남구 역삼동 5번지', 
    'Y', 
    '자유출입가능/도착하면 연락주세요', 
    '06237', 
    '상세주소 5번', 
    'Y', 
    'user05'
);

INSERT INTO TB_DELIVERY (
    DELI_CODE, 
    DELI_NICKNAME, 
    DELI_NAME, 
    DELI_PHONE, 
    DELI_ADDRESS, 
    DELI_DEFAULT, 
    DELI_COMMENT, 
    POSTCODE, 
    DETAIL_ADDRESS, 
    HOME_ADDRESS_YN, 
    MEMBER_ID
) VALUES (
    SEQ_DELI_CODE.NEXTVAL, 
    'user06', 
    '회원명06', 
    '01087654321', 
    '서울특별시 강남구 역삼동 6번지', 
    'N', 
    '자유출입가능/도착하면 연락주세요', 
    '06238', 
    '상세주소 6번', 
    'Y', 
    'user06'
);

INSERT INTO TB_DELIVERY (
    DELI_CODE, 
    DELI_NICKNAME, 
    DELI_NAME, 
    DELI_PHONE, 
    DELI_ADDRESS, 
    DELI_DEFAULT, 
    DELI_COMMENT, 
    POSTCODE, 
    DETAIL_ADDRESS, 
    HOME_ADDRESS_YN, 
    MEMBER_ID
) VALUES (
    SEQ_DELI_CODE.NEXTVAL, 
    'user07', 
    '회원명07', 
    '01011223344', 
    '서울특별시 강남구 역삼동 7번지', 
    'Y', 
    '자유출입가능/도착하면 연락주세요', 
    '06239', 
    '상세주소 7번', 
    'Y', 
    'user07'
);

INSERT INTO TB_DELIVERY (
    DELI_CODE, 
    DELI_NICKNAME, 
    DELI_NAME, 
    DELI_PHONE, 
    DELI_ADDRESS, 
    DELI_DEFAULT, 
    DELI_COMMENT, 
    POSTCODE, 
    DETAIL_ADDRESS, 
    HOME_ADDRESS_YN, 
    MEMBER_ID
) VALUES (
    SEQ_DELI_CODE.NEXTVAL, 
    'user08', 
    '회원명08', 
    '01055667788', 
    '서울특별시 강남구 역삼동 8번지', 
    'N', 
    '자유출입가능/도착하면 연락주세요', 
    '06240', 
    '상세주소 8번', 
    'Y', 
    'user08'
);

INSERT INTO TB_DELIVERY (
    DELI_CODE, 
    DELI_NICKNAME, 
    DELI_NAME, 
    DELI_PHONE, 
    DELI_ADDRESS, 
    DELI_DEFAULT, 
    DELI_COMMENT, 
    POSTCODE, 
    DETAIL_ADDRESS, 
    HOME_ADDRESS_YN, 
    MEMBER_ID
) VALUES (
    SEQ_DELI_CODE.NEXTVAL, 
    'user09', 
    '회원명09', 
    '01033445566', 
    '서울특별시 강남구 역삼동 9번지', 
    'Y', 
    '자유출입가능/도착하면 연락주세요', 
    '06241', 
    '상세주소 9번', 
    'Y', 
    'user09'
);

INSERT INTO TB_DELIVERY (
    DELI_CODE, 
    DELI_NICKNAME, 
    DELI_NAME, 
    DELI_PHONE, 
    DELI_ADDRESS, 
    DELI_DEFAULT, 
    DELI_COMMENT, 
    POSTCODE, 
    DETAIL_ADDRESS, 
    HOME_ADDRESS_YN, 
    MEMBER_ID
) VALUES (
    SEQ_DELI_CODE.NEXTVAL, 
    'user10', 
    '회원명10', 
    '01066778899', 
    '서울특별시 강남구 역삼동 10번지', 
    'N', 
    '자유출입가능/도착하면 연락주세요', 
    '06242', 
    '상세주소 10번', 
    'Y', 
    'user10'
);

INSERT INTO TB_DELIVERY (
    DELI_CODE, 
    DELI_NICKNAME, 
    DELI_NAME, 
    DELI_PHONE, 
    DELI_ADDRESS, 
    DELI_DEFAULT, 
    DELI_COMMENT, 
    POSTCODE, 
    DETAIL_ADDRESS, 
    HOME_ADDRESS_YN, 
    MEMBER_ID
) VALUES (
    SEQ_DELI_CODE.NEXTVAL, 
    'user11', 
    '회원명11', 
    '01099887766', 
    '서울특별시 강남구 역삼동 11번지', 
    'Y', 
    '자유출입가능/도착하면 연락주세요', 
    '06243', 
    '상세주소 11번', 
    'Y', 
    'user11'
);


INSERT INTO TB_POINT (
    POINT_NO, 
    POINT_AMT, 
    POINT_REASON, 
    POINT_DATE, 
    MEMBER_ID
) VALUES (
    SEQ_POINT_NO.NEXTVAL, 
    300, 
    '신규 가입', 
    TO_DATE('24/11/21', 'YY/MM/DD'), 
    'user05'
);

INSERT INTO TB_POINT (
    POINT_NO, 
    POINT_AMT, 
    POINT_REASON, 
    POINT_DATE, 
    MEMBER_ID
) VALUES (
    SEQ_POINT_NO.NEXTVAL, 
    300, 
    '신규 가입', 
    TO_DATE('24/11/01', 'YY/MM/DD'), 
    'user06'
);

INSERT INTO TB_POINT (
    POINT_NO, 
    POINT_AMT, 
    POINT_REASON, 
    POINT_DATE, 
    MEMBER_ID
) VALUES (
    SEQ_POINT_NO.NEXTVAL, 
    300, 
    '신규 가입', 
    TO_DATE('24/11/10', 'YY/MM/DD'), 
    'user07'
);

INSERT INTO TB_POINT (
    POINT_NO, 
    POINT_AMT, 
    POINT_REASON, 
    POINT_DATE, 
    MEMBER_ID
) VALUES (
    SEQ_POINT_NO.NEXTVAL, 
    300, 
    '신규 가입', 
    TO_DATE('24/11/17', 'YY/MM/DD'), 
    'user08'
);

INSERT INTO TB_POINT (
    POINT_NO, 
    POINT_AMT, 
    POINT_REASON, 
    POINT_DATE, 
    MEMBER_ID
) VALUES (
    SEQ_POINT_NO.NEXTVAL, 
    300, 
    '신규 가입', 
    TO_DATE('24/11/16', 'YY/MM/DD'), 
    'user09'
);

INSERT INTO TB_POINT (
    POINT_NO, 
    POINT_AMT, 
    POINT_REASON, 
    POINT_DATE, 
    MEMBER_ID
) VALUES (
    SEQ_POINT_NO.NEXTVAL, 
    300, 
    '신규 가입', 
    TO_DATE('24/11/03', 'YY/MM/DD'), 
    'user10'
);

INSERT INTO TB_POINT (
    POINT_NO, 
    POINT_AMT, 
    POINT_REASON, 
    POINT_DATE, 
    MEMBER_ID
) VALUES (
    SEQ_POINT_NO.NEXTVAL, 
    300, 
    '신규 가입', 
    TO_DATE('24/11/28', 'YY/MM/DD'), 
    'user11'
);

INSERT INTO TB_POINT (
    POINT_NO, 
    POINT_AMT, 
    POINT_REASON, 
    POINT_DATE, 
    MEMBER_ID
) VALUES (
    SEQ_POINT_NO.NEXTVAL, 
    300, 
    '신규 가입', 
    TO_DATE('24/11/13', 'YY/MM/DD'), 
    'user12'
);

INSERT INTO TB_POINT (
    POINT_NO, 
    POINT_AMT, 
    POINT_REASON, 
    POINT_DATE, 
    MEMBER_ID
) VALUES (
    SEQ_POINT_NO.NEXTVAL, 
    300, 
    '신규 가입', 
    TO_DATE('24/11/08', 'YY/MM/DD'), 
    'user13'
);

INSERT INTO TB_POINT (
    POINT_NO, 
    POINT_AMT, 
    POINT_REASON, 
    POINT_DATE, 
    MEMBER_ID
) VALUES (
    SEQ_POINT_NO.NEXTVAL, 
    300, 
    '신규 가입', 
    TO_DATE('24/11/11', 'YY/MM/DD'), 
    'user14'
);

INSERT INTO TB_POINT (
    POINT_NO, 
    POINT_AMT, 
    POINT_REASON, 
    POINT_DATE, 
    MEMBER_ID
) VALUES (
    SEQ_POINT_NO.NEXTVAL, 
    300, 
    '신규 가입', 
    TO_DATE('24/08/19', 'YY/MM/DD'), 
    'user15'
);

INSERT INTO TB_POINT (
    POINT_NO, 
    POINT_AMT, 
    POINT_REASON, 
    POINT_DATE, 
    MEMBER_ID
) VALUES (
    SEQ_POINT_NO.NEXTVAL, 
    300, 
    '신규 가입', 
    TO_DATE('24/09/17', 'YY/MM/DD'), 
    'user16'
);

INSERT INTO TB_POINT (
    POINT_NO, 
    POINT_AMT, 
    POINT_REASON, 
    POINT_DATE, 
    MEMBER_ID
) VALUES (
    SEQ_POINT_NO.NEXTVAL, 
    300, 
    '신규 가입', 
    TO_DATE('24/08/23', 'YY/MM/DD'), 
    'user17'
);

INSERT INTO TB_POINT (
    POINT_NO, 
    POINT_AMT, 
    POINT_REASON, 
    POINT_DATE, 
    MEMBER_ID
) VALUES (
    SEQ_POINT_NO.NEXTVAL, 
    300, 
    '신규 가입', 
    TO_DATE('24/09/19', 'YY/MM/DD'), 
    'user18'
);
COMMIT;

INSERT INTO TB_ORDER (
    ORDER_NO, RCVR_NAME, RCVR_PHONE, RCVR_ADDRESS, 
    DLVR_REQ_MESSAGE, DLVR_STATUS, DLVR_FEE, DLVR_COMPANY, 
    DISPATCH_DATE, COMPLETE_DATE, ORDER_TOTAL_AMT, PAYMENT_CODE, 
    PAYMENT_METHOD, ORDER_DATE, REFUND_DATE, REFUND_REASON, MEMBER_ID
) VALUES (
    SEQ_ORDER_NO.NEXTVAL, '최민준', '01012345678', '서울특별시 송파구 잠실동 100번지', 
    '부재 시 문 앞에 두고 사진을 찍어주세요.', '환불/취소', 3000, 'CJ대한통운', 
    TO_DATE('2024-12-20', 'YYYY-MM-DD'), TO_DATE('2024-12-25', 'YYYY-MM-DD'), 150000, 'PAY12345', 
    '신용카드', TO_DATE('2024-12-15', 'YYYY-MM-DD'), TO_DATE('2024-12-26', 'YYYY-MM-DD'), '상품에 하자가 있어 반품 요청', 'user05'
);

INSERT INTO TB_ORDER (
    ORDER_NO, RCVR_NAME, RCVR_PHONE, RCVR_ADDRESS, 
    DLVR_REQ_MESSAGE, DLVR_STATUS, DLVR_FEE, DLVR_COMPANY, 
    DISPATCH_DATE, COMPLETE_DATE, ORDER_TOTAL_AMT, PAYMENT_CODE, 
    PAYMENT_METHOD, ORDER_DATE, REFUND_DATE, REFUND_REASON, MEMBER_ID
) VALUES (
    SEQ_ORDER_NO.NEXTVAL, '수령자013', '01098765432', '서울특별시 강북구 미아동 200번지', 
    '부재 시 경비실에 맡겨주세요.', '환불/취소', 2500, '한진택배', 
    TO_DATE('2024-12-22', 'YYYY-MM-DD'), NULL, 80000, 'PAY67890', 
    '계좌이체', TO_DATE('2024-12-18', 'YYYY-MM-DD'), TO_DATE('2024-12-26', 'YYYY-MM-DD'), '배송 지연으로 인한 환불 요청', 'user04'
);